id,name,digital,technical,,,,,,id,state_abbr,name,digital,technical
USA,North America,1200000,800000,,,,,,6,CA,California,800000,250000
SGP,South East Asia,450000,950000,,,,,,48,TX,Texas,400000,500000
JPN,East Asia,600000,850000,,,,,,26,MI,Michigan,150000,600000
DEU,Europe,850000,1100000,,,,,,36,NY,New York,500000,150000
ZAF,Southern Africa,150000,200000,,,,,,53,WA,Washington,450000,100000
BRA,Latin America,300000,450000,,,,,,41,OR,Oregon,120000,350000
IND,Other Surplus,750000,600000,,,,,,39,OH,Ohio,180000,400000
,,,,,,,,,32,NV,Nevada,80000,120000
,,,,,,,,,4,AZ,Arizona,150000,300000
,,,,,,,,,,,,,
,,,,,,,,,,,,,
,,,,,,,,,,,,,
,,,,,,,,,,,,,
,,,,,,,,,,,,,
,,,,,,,,,,,,,
,,,,,,,,,,,,,
,,,,,,,,,,,,,
,,,,,,,,,,,,,
,,,,,,,,,,,,,
,,,,,,,,,,,,,
,,,,,,,,,,,,,